"","Df","SumsOfSqs","MeanSqs","F.Model","R2","Pr(>F)"
"location",2,30.9295514002007,15.4647757001004,29.5887038742051,0.110205291016084,0.000245999754000246
"face",4,8.37295113995806,2.09323778498952,4.00498488690979,0.0298337180873739,0.00671099328900671
"location:model",16,70.3754576470846,4.39846610294279,8.41557055495208,0.250755262824042,4.2999957000043e-05
"location:face",8,11.8155076344426,1.47693845430533,2.82582142879595,0.0420999141082938,0.00344599655400345
"location:model:face",54,42.0850787205843,0.77935330964045,1.49113409334371,0.149953624862684,0.0233119766880233
"Residuals",224,117.075414034693,0.522658098369164,NA,0.417152189101523,NA
"Total",308,280.653960576963,NA,NA,1,NA
